{"inputUnits":[34],"outputUnits":2,"inputs":{"0":{"dtype":"number","min":303.1128524572064,"max":337.51375982868274},"1":{"dtype":"number","min":251.20463529293067,"max":266.8373616536458},"2":{"dtype":"number","min":309.385292097839,"max":356.9998711777477},"3":{"dtype":"number","min":234.44017941956395,"max":240.19603379753363},"4":{"dtype":"number","min":278.56704652425606,"max":318.3094072992574},"5":{"dtype":"number","min":235.66843311689053,"max":265.32223171657984},"6":{"dtype":"number","min":344.3940077515838,"max":380.319239744666},"7":{"dtype":"number","min":238.24085547910096,"max":263.482710334525},"8":{"dtype":"number","min":264.62765996683873,"max":292.617825811137},"9":{"dtype":"number","min":257.5019052665368,"max":288.50869816413865},"10":{"dtype":"number","min":417.07857306705347,"max":440.5715723762735},"11":{"dtype":"number","min":358.28804202014703,"max":372.43938602202115},"12":{"dtype":"number","min":247.21381650333515,"max":269.51503820586623},"13":{"dtype":"number","min":362.3171675832648,"max":375.8331099541796},"14":{"dtype":"number","min":464.83869467097645,"max":477.30701082166405},"15":{"dtype":"number","min":495.7394415128533,"max":527.0374861748827},"16":{"dtype":"number","min":200.99946020174676,"max":232.28191650866532},"17":{"dtype":"number","min":464.91496065671447,"max":525.0707585444459},"18":{"dtype":"number","min":390.3459914060596,"max":452.26396705672056},"19":{"dtype":"number","min":519.5685378106249,"max":546.7969487656859},"20":{"dtype":"number","min":222.18329922265244,"max":274.95158413000274},"21":{"dtype":"number","min":479.44820526747674,"max":542.3429721884328},"22":{"dtype":"number","min":381.6198723032693,"max":437.4830947191859},"23":{"dtype":"number","min":535.0703204119646,"max":542.5352171661793},"24":{"dtype":"number","min":263.6760284840247,"max":306.16235803674766},"25":{"dtype":"number","min":521.4622595714546,"max":550.4210337142498},"26":{"dtype":"number","min":382.3488344783671,"max":442.6576218038042},"27":{"dtype":"number","min":537.054613198918,"max":557.8914843107524},"28":{"dtype":"number","min":257.390359354298,"max":315.791202418753},"29":{"dtype":"number","min":538.4300809715226,"max":554.8766265928629},"30":{"dtype":"number","min":376.2176933065492,"max":440.09646752192026},"31":{"dtype":"number","min":559.8069731952154,"max":562.68551951031},"32":{"dtype":"number","min":254.46352596171417,"max":314.59975958335235},"33":{"dtype":"number","min":554.7548861438535,"max":558.7672183759961}},"outputs":{"0":{"dtype":"string","min":0,"max":1,"uniqueValues":["g","0"],"legend":{"0":[0,1],"g":[1,0]}}},"isNormalized":true}