{"inputUnits":[34],"outputUnits":2,"inputs":{"0":{"dtype":"number","min":174.68972278617278,"max":427.0172267861766},"1":{"dtype":"number","min":44.11848726328353,"max":158.48010459141423},"2":{"dtype":"number","min":183.09746071144386,"max":439.1571164735344},"3":{"dtype":"number","min":35.57824147839759,"max":149.90434494167275},"4":{"dtype":"number","min":179.7509482125325,"max":419.1148952387462},"5":{"dtype":"number","min":35.91308355796174,"max":151.98919523064387},"6":{"dtype":"number","min":208.94414533648575,"max":455.76349715740355},"7":{"dtype":"number","min":44.23813996491609,"max":162.29211877893516},"8":{"dtype":"number","min":189.05583967242325,"max":423.4782436437774},"9":{"dtype":"number","min":42.97338474563688,"max":162.40801508198936},"10":{"dtype":"number","min":210.15155457613758,"max":465.57623612253286},"11":{"dtype":"number","min":91.4219085514894,"max":206.99817441825047},"12":{"dtype":"number","min":220.39757853130615,"max":434.70663029780394},"13":{"dtype":"number","min":88.47739295885111,"max":202.05867834258498},"14":{"dtype":"number","min":226.511589184142,"max":488.7777049639071},"15":{"dtype":"number","min":172.2999308030275,"max":277.05097607469463},"16":{"dtype":"number","min":226.4807735688505,"max":452.90198372586195},"17":{"dtype":"number","min":165.20408704731662,"max":276.7217800445259},"18":{"dtype":"number","min":213.56294806705347,"max":495.1499552289877},"19":{"dtype":"number","min":237.6210346184743,"max":324.0411757679246},"20":{"dtype":"number","min":216.73648261652122,"max":480.5984412299262},"21":{"dtype":"number","min":202.24114728485165,"max":320.38110759058424},"22":{"dtype":"number","min":237.16736211646602,"max":481.71798854775824},"23":{"dtype":"number","min":211.53480514913042,"max":308.7278560169956},"24":{"dtype":"number","min":235.1466699789839,"max":471.00806937115465},"25":{"dtype":"number","min":211.84220282422638,"max":309.8674811350207},"26":{"dtype":"number","min":207.25882308989705,"max":492.62080558791723},"27":{"dtype":"number","min":340.5177002250567,"max":390.11309469420075},"28":{"dtype":"number","min":214.61763467472662,"max":485.10298344126915},"29":{"dtype":"number","min":338.5063971506457,"max":374.1925872743246},"30":{"dtype":"number","min":213.3114386069612,"max":508.2567145810489},"31":{"dtype":"number","min":400.22694727133586,"max":463.2069275021321},"32":{"dtype":"number","min":244.5422541746619,"max":505.8082880983111},"33":{"dtype":"number","min":392.39278930902015,"max":460.80067684775906}},"outputs":{"0":{"dtype":"string","min":0,"max":1,"uniqueValues":["g","0"],"legend":{"0":[0,1],"g":[1,0]}}},"isNormalized":true}