{"inputUnits":[9],"outputUnits":4,"inputs":{"0":{"dtype":"number","min":0.32148225758119353,"max":0.679882978828056},"1":{"dtype":"number","min":-1.508504870070843,"max":4.716515330363514},"2":{"dtype":"number","min":-5.089798072036892,"max":1.2355682885729384},"3":{"dtype":"number","min":-4.1716089207311065,"max":2.3906237397037366},"4":{"dtype":"number","min":-4.4923532863701965,"max":0.8338628015302564},"5":{"dtype":"number","min":-3.8477220657525617,"max":0.47332919762891623},"6":{"dtype":"number","min":-4.227962578251308,"max":1.0351996212027872},"7":{"dtype":"number","min":-4.738605091473399,"max":1.4316847706671403},"8":{"dtype":"number","min":-4.855844818244912,"max":-4.600317424133363}},"outputs":{"0":{"dtype":"string","min":0,"max":1,"uniqueValues":["0","6","12","18"],"legend":{"0":[1,0,0,0],"6":[0,1,0,0],"12":[0,0,1,0],"18":[0,0,0,1]}}},"isNormalized":true}