{"inputUnits":[34],"outputUnits":2,"inputs":{"0":{"dtype":"number","min":197.57904127094943,"max":490.65471329419466},"1":{"dtype":"number","min":74.78167795995523,"max":229.40087509898876},"2":{"dtype":"number","min":202.45764511138142,"max":495.50468400207876},"3":{"dtype":"number","min":65.95012880440575,"max":225.32129358362266},"4":{"dtype":"number","min":188.05362099095393,"max":479.5762003699706},"5":{"dtype":"number","min":67.09707814118084,"max":216.47297701175683},"6":{"dtype":"number","min":210.73874133372166,"max":501.0274798595882},"7":{"dtype":"number","min":78.26768707810785,"max":210.07836116917184},"8":{"dtype":"number","min":169.5192684299997,"max":460.2152244017603},"9":{"dtype":"number","min":77.6128162882249,"max":200.27474639476156},"10":{"dtype":"number","min":193.87120416057505,"max":470.8241649724354},"11":{"dtype":"number","min":120.43689199823152,"max":222.28490639848314},"12":{"dtype":"number","min":170.55192735460068,"max":469.4867074233979},"13":{"dtype":"number","min":121.40566017195493,"max":221.03695086800792},"14":{"dtype":"number","min":186.47926196717378,"max":482.3578960574858},"15":{"dtype":"number","min":181.35180750320762,"max":283.4994685301306},"16":{"dtype":"number","min":161.68903863918013,"max":467.76453148319473},"17":{"dtype":"number","min":187.42060551634074,"max":287.67981754176566},"18":{"dtype":"number","min":184.22652781822993,"max":495.4654028820015},"19":{"dtype":"number","min":203.63604004620112,"max":329.19864111708847},"20":{"dtype":"number","min":172.05486215810794,"max":493.2434456808525},"21":{"dtype":"number","min":254.47300723189267,"max":332.568122016059},"22":{"dtype":"number","min":187.7144683778402,"max":475.1622012251766},"23":{"dtype":"number","min":221.34633917557562,"max":330.35121984649123},"24":{"dtype":"number","min":161.57070881209643,"max":464.3997817011604},"25":{"dtype":"number","min":231.2733932405884,"max":326.8228250544438},"26":{"dtype":"number","min":174.6303797790646,"max":470.4993461028874},"27":{"dtype":"number","min":293.66713198537246,"max":366.951219584742},"28":{"dtype":"number","min":179.04616186725698,"max":500.5795576604951},"29":{"dtype":"number","min":344.8315138194063,"max":444.6545100816277},"30":{"dtype":"number","min":159.53320784875524,"max":440.20209500199405},"31":{"dtype":"number","min":338.2595319543433,"max":453.8183665136147},"32":{"dtype":"number","min":160.184719427752,"max":492.11744520399304},"33":{"dtype":"number","min":418.6788224709196,"max":496.45717777006803}},"outputs":{"0":{"dtype":"string","min":0,"max":1,"uniqueValues":["g","0"],"legend":{"0":[0,1],"g":[1,0]}}},"isNormalized":true}