{"inputUnits":[34],"outputUnits":2,"inputs":{"0":{"dtype":"number","min":157.89605882432724,"max":509.2674377322429},"1":{"dtype":"number","min":-32.161459523102465,"max":122.55939208508465},"2":{"dtype":"number","min":166.77589996516355,"max":522.5132784183495},"3":{"dtype":"number","min":-36.43397400021321,"max":119.54605427866557},"4":{"dtype":"number","min":147.55709702043737,"max":496.63070500245567},"5":{"dtype":"number","min":-34.50592100504082,"max":137.9266248855442},"6":{"dtype":"number","min":178.3357499031528,"max":540.069146555999},"7":{"dtype":"number","min":-43.03763436062759,"max":142.55615650794192},"8":{"dtype":"number","min":130.03054851212232,"max":478.1361252336706},"9":{"dtype":"number","min":-23.226632160982426,"max":141.90014145760043},"10":{"dtype":"number","min":196.5001947652062,"max":587.6979912651909},"11":{"dtype":"number","min":41.47482829251949,"max":168.60660188611718},"12":{"dtype":"number","min":111.88665676302844,"max":490.9134892692343},"13":{"dtype":"number","min":42.76911744829738,"max":171.43255460564387},"14":{"dtype":"number","min":206.8827680026346,"max":600.89104159766},"15":{"dtype":"number","min":15.175143533747558,"max":247.90033530073555},"16":{"dtype":"number","min":58.25235050788864,"max":507.68089785213357},"17":{"dtype":"number","min":22.557472987481717,"max":250.81735711348682},"18":{"dtype":"number","min":210.86121676260964,"max":618.7932403835869},"19":{"dtype":"number","min":7.497079116791539,"max":339.36861335650286},"20":{"dtype":"number","min":15.469039411340308,"max":509.6897254631533},"21":{"dtype":"number","min":-20.274337746246516,"max":342.27618747287323},"22":{"dtype":"number","min":178.3478404857494,"max":571.8090903596338},"23":{"dtype":"number","min":262.34662269755876,"max":347.4305632890549},"24":{"dtype":"number","min":115.85494192023026,"max":486.03274756240097},"25":{"dtype":"number","min":250.574634693287,"max":371.54007999055796},"26":{"dtype":"number","min":150.53296065005176,"max":565.646903054756},"27":{"dtype":"number","min":367.73402639764555,"max":538.5892378563536},"28":{"dtype":"number","min":124.26870840567129,"max":528.9600757502208},"29":{"dtype":"number","min":365.6537763510066,"max":532.2449164734481},"30":{"dtype":"number","min":144.48884514107806,"max":570.1881738852339},"31":{"dtype":"number","min":454.8770171345791,"max":564.7510080913819},"32":{"dtype":"number","min":116.6258498520879,"max":524.9762474491349},"33":{"dtype":"number","min":456.6726268151117,"max":562.4868533485813}},"outputs":{"0":{"dtype":"string","min":0,"max":1,"uniqueValues":["1","0"],"legend":{"0":[0,1],"1":[1,0]}}},"isNormalized":true}