{"inputUnits":[34],"outputUnits":2,"inputs":{"0":{"dtype":"number","min":120.56086558776143,"max":495.42694448033194},"1":{"dtype":"number","min":95.83181180842655,"max":286.96496095174945},"2":{"dtype":"number","min":142.56699736480118,"max":505.4721544317698},"3":{"dtype":"number","min":83.57723874340726,"max":270.5913451673456},"4":{"dtype":"number","min":108.63943849556178,"max":476.97311297464927},"5":{"dtype":"number","min":83.9605044947524,"max":272.89260329903334},"6":{"dtype":"number","min":165.9754813227672,"max":523.704142292186},"7":{"dtype":"number","min":108.4249557316999,"max":295.0544067857794},"8":{"dtype":"number","min":86.45272399664853,"max":450.37864121017753},"9":{"dtype":"number","min":106.53996567781797,"max":297.57003843552405},"10":{"dtype":"number","min":183.4285370941756,"max":551.5779369072228},"11":{"dtype":"number","min":199.31735610219755,"max":403.8414304265716},"12":{"dtype":"number","min":50.83125370485774,"max":424.855170936436},"13":{"dtype":"number","min":196.58688259495835,"max":407.5157901749073},"14":{"dtype":"number","min":200.54459761088924,"max":648.6725399744649},"15":{"dtype":"number","min":124.57095847519454,"max":543.3421474115394},"16":{"dtype":"number","min":3.445858788397526,"max":416.4852608409837},"17":{"dtype":"number","min":331.9245014116458,"max":563.8504538925705},"18":{"dtype":"number","min":139.32178541843993,"max":633.2047755616185},"19":{"dtype":"number","min":27.920572600012164,"max":567.0073127004423},"20":{"dtype":"number","min":-3.418747720087549,"max":456.228843124924},"21":{"dtype":"number","min":268.84641061033255,"max":565.2763859492795},"22":{"dtype":"number","min":134.7059506664944,"max":564.138044661585},"23":{"dtype":"number","min":438.2619372787178,"max":582.136798071954},"24":{"dtype":"number","min":35.11713465827912,"max":471.11190974016597},"25":{"dtype":"number","min":451.6107438974343,"max":578.3333863729633},"26":{"dtype":"number","min":98.57250881566148,"max":595.7686548195925},"27":{"dtype":"number","min":525.5641114943686,"max":598.151613228052},"28":{"dtype":"number","min":8.023309967397251,"max":483.69585801655217},"29":{"dtype":"number","min":538.0230036041617,"max":602.4541975088157},"30":{"dtype":"number","min":69.3403500805569,"max":587.165207918516},"31":{"dtype":"number","min":540.2552385738388,"max":579.8928251155156},"32":{"dtype":"number","min":25.846485182468992,"max":484.18601544450695},"33":{"dtype":"number","min":539.6583444320738,"max":580.501853853812}},"outputs":{"0":{"dtype":"string","min":0,"max":1,"uniqueValues":["R","0"],"legend":{"0":[0,1],"R":[1,0]}}},"isNormalized":true}