{"inputUnits":[34],"outputUnits":2,"inputs":{"0":{"dtype":"number","min":329.32971976653874,"max":389.35285066303453},"1":{"dtype":"number","min":-8.264066759373478,"max":77.69693638613813},"2":{"dtype":"number","min":340.02893094663267,"max":408.3613012362177},"3":{"dtype":"number","min":-26.630154436791855,"max":43.660804793151485},"4":{"dtype":"number","min":305.60713383189415,"max":375.6010053311175},"5":{"dtype":"number","min":-32.77084261353253,"max":43.33993506478055},"6":{"dtype":"number","min":355.3685274179916,"max":425.9018670095105},"7":{"dtype":"number","min":-19.0110977351317,"max":62.383883292214904},"8":{"dtype":"number","min":268.96422031097705,"max":363.7528613947521},"9":{"dtype":"number","min":-16.567546108312776,"max":52.510353965833644},"10":{"dtype":"number","min":373.39858562625636,"max":451.59619247704217},"11":{"dtype":"number","min":53.52189686795657,"max":137.7400739941216},"12":{"dtype":"number","min":248.74432361149184,"max":340.0264983892905},"13":{"dtype":"number","min":50.9460020901864,"max":158.602080763432},"14":{"dtype":"number","min":389.8797571728801,"max":545.9966362847222},"15":{"dtype":"number","min":20.234981782255105,"max":265.1654956958912},"16":{"dtype":"number","min":146.68980291712353,"max":292.2243483396534},"17":{"dtype":"number","min":15.597350657799552,"max":274.3009416308784},"18":{"dtype":"number","min":395.0792847274572,"max":639.8295536747685},"19":{"dtype":"number","min":-3.237537584806745,"max":476.87160201937127},"20":{"dtype":"number","min":62.63426068698221,"max":285.34606041266903},"21":{"dtype":"number","min":-9.85801295230263,"max":446.523018701267},"22":{"dtype":"number","min":365.3320824100725,"max":469.39400358739186},"23":{"dtype":"number","min":211.37272349575107,"max":402.53429033602885},"24":{"dtype":"number","min":259.38153712140655,"max":348.38204902515076},"25":{"dtype":"number","min":208.5080830534996,"max":405.6064931412189},"26":{"dtype":"number","min":353.874725877193,"max":487.01834100496467},"27":{"dtype":"number","min":278.1833378009164,"max":496.8336918107715},"28":{"dtype":"number","min":264.10749944794713,"max":351.790435969481},"29":{"dtype":"number","min":312.8450966996756,"max":464.38928972210795},"30":{"dtype":"number","min":333.14128972401164,"max":527.0001672815393},"31":{"dtype":"number","min":322.3014572768183,"max":558.8620470281232},"32":{"dtype":"number","min":250.5777209544042,"max":340.2506473979987},"33":{"dtype":"number","min":412.17251485783686,"max":560.8984113250791}},"outputs":{"0":{"dtype":"string","min":0,"max":1,"uniqueValues":["g","0"],"legend":{"0":[0,1],"g":[1,0]}}},"isNormalized":true}