{"inputUnits":[34],"outputUnits":2,"inputs":{"0":{"dtype":"number","min":158.04665992232148,"max":513.1328003879651},"1":{"dtype":"number","min":104.25327167436771,"max":277.0296285310144},"2":{"dtype":"number","min":177.9191642790917,"max":533.7534210561314},"3":{"dtype":"number","min":89.51448670621048,"max":267.4491223287026},"4":{"dtype":"number","min":149.41015577501824,"max":498.57234138459086},"5":{"dtype":"number","min":90.75607834159169,"max":260.689286406402},"6":{"dtype":"number","min":191.83549042341775,"max":551.1866926497522},"7":{"dtype":"number","min":104.36891548364542,"max":287.03074651933366},"8":{"dtype":"number","min":131.45599246488936,"max":478.47949825836065},"9":{"dtype":"number","min":107.62712174352504,"max":276.1056043572927},"10":{"dtype":"number","min":193.47379216888072,"max":593.0800961149342},"11":{"dtype":"number","min":194.13467822835605,"max":387.3976509302043},"12":{"dtype":"number","min":98.87685575373906,"max":461.7710858653028},"13":{"dtype":"number","min":211.10953008154485,"max":345.40965633169685},"14":{"dtype":"number","min":218.76861691011067,"max":647.9974020872598},"15":{"dtype":"number","min":248.18456508770066,"max":496.3145025231031},"16":{"dtype":"number","min":12.609024938442364,"max":439.3187701748503},"17":{"dtype":"number","min":137.54328746276144,"max":496.30805464570165},"18":{"dtype":"number","min":211.68376996823324,"max":652.6189639317851},"19":{"dtype":"number","min":185.50494479761977,"max":553.5918144493252},"20":{"dtype":"number","min":68.42418744870197,"max":485.86667546966197},"21":{"dtype":"number","min":45.260335128131075,"max":547.9820198029396},"22":{"dtype":"number","min":151.053738723933,"max":600.6076878054133},"23":{"dtype":"number","min":443.77670228713214,"max":569.382214972945},"24":{"dtype":"number","min":51.92501439194735,"max":546.0169027009363},"25":{"dtype":"number","min":446.19855353804417,"max":561.3892964166427},"26":{"dtype":"number","min":153.90897995766963,"max":619.0219341827274},"27":{"dtype":"number","min":538.5200862661874,"max":594.8951335268725},"28":{"dtype":"number","min":38.25801819678875,"max":567.5688658243024},"29":{"dtype":"number","min":503.4457456833658,"max":595.8543330686102},"30":{"dtype":"number","min":146.28488028559704,"max":609.6277045461454},"31":{"dtype":"number","min":538.5186090729117,"max":582.079147160749},"32":{"dtype":"number","min":69.6158169401295,"max":568.3083738334448},"33":{"dtype":"number","min":532.7984001664336,"max":581.4619582358038}},"outputs":{"0":{"dtype":"string","min":0,"max":1,"uniqueValues":["L","0"],"legend":{"0":[0,1],"L":[1,0]}}},"isNormalized":true}